<Date>,<Close>
13.09.2020,3.43
06.09.2020,3.43
30.08.2020,3.48
23.08.2020,3.34
16.08.2020,3.30
09.08.2020,3.23
02.08.2020,3.03
26.07.2020,3.18
19.07.2020,3.31
12.07.2020,3.48
05.07.2020,3.48
28.06.2020,3.32
21.06.2020,3.25
14.06.2020,3.25
07.06.2020,3.26
31.05.2020,3.30
24.05.2020,3.02
17.05.2020,2.97
10.05.2020,2.88
03.05.2020,3.05
26.04.2020,2.97
19.04.2020,2.95
12.04.2020,3.05
05.04.2020,2.85
29.03.2020,2.93
22.03.2020,2.89
15.03.2020,3.20
08.03.2020,3.56
01.03.2020,3.35
23.02.2020,3.53
16.02.2020,3.45
09.02.2020,3.58
02.02.2020,3.54
26.01.2020,3.46
19.01.2020,3.72
12.01.2020,3.96
05.01.2020,3.92
29.12.2019,3.90
22.12.2019,4.05
15.12.2019,4.12
08.12.2019,4.09
01.12.2019,4.05
24.11.2019,3.94
17.11.2019,3.93
10.11.2019,3.91
03.11.2019,3.97
27.10.2019,3.81
20.10.2019,3.86
13.10.2019,3.83
06.10.2019,3.84
29.09.2019,3.69
22.09.2019,3.76
15.09.2019,3.74
08.09.2019,3.91
01.09.2019,3.79
25.08.2019,3.64
18.08.2019,3.61
11.08.2019,3.73
04.08.2019,3.76
28.07.2019,3.87
21.07.2019,4.10
14.07.2019,4.17
07.07.2019,4.13
30.06.2019,4.12
23.06.2019,4.17
16.06.2019,4.18
09.06.2019,4.22
02.06.2019,4.22
26.05.2019,4.34
19.05.2019,4.52
12.05.2019,4.61
05.05.2019,4.62
28.04.2019,4.72
21.04.2019,4.83
14.04.2019,4.92
07.04.2019,4.88
31.03.2019,4.80
24.03.2019,4.84
17.03.2019,4.63
10.03.2019,4.75
03.03.2019,4.73
24.02.2019,4.78
17.02.2019,4.68
10.02.2019,4.51
03.02.2019,4.55
27.01.2019,4.48
20.01.2019,4.46
13.01.2019,4.49
06.01.2019,4.41
30.12.2018,4.37
23.12.2018,4.41
16.12.2018,4.48
09.12.2018,4.68
02.12.2018,4.65
25.11.2018,4.78
18.11.2018,4.76
11.11.2018,4.80
04.11.2018,4.72
28.10.2018,4.84
21.10.2018,4.73
14.10.2018,4.82
07.10.2018,4.86
30.09.2018,4.88
23.09.2018,4.97
16.09.2018,5.04
09.09.2018,4.73
02.09.2018,4.71
26.08.2018,4.77
19.08.2018,4.84
12.08.2018,4.82
05.08.2018,4.88
29.07.2018,4.91
22.07.2018,4.91
15.07.2018,4.80
08.07.2018,4.81
01.07.2018,4.81
24.06.2018,5.03
17.06.2018,5.09
10.06.2018,5.26
03.06.2018,5.38
27.05.2018,5.12
20.05.2018,5.03
13.05.2018,5.06
06.05.2018,5.03
29.04.2018,5.00
22.04.2018,4.94
15.04.2018,5.02
08.04.2018,4.88
01.04.2018,4.89
25.03.2018,4.86
18.03.2018,4.71
11.03.2018,5.01
04.03.2018,5.01
25.02.2018,4.99
18.02.2018,5.14
11.02.2018,5.09
04.02.2018,4.92
28.01.2018,5.06
21.01.2018,5.01
14.01.2018,5.09
07.01.2018,5.13
31.12.2017,5.19
24.12.2017,5.34
17.12.2017,5.36
10.12.2017,5.28
03.12.2017,5.05
26.11.2017,5.09
19.11.2017,5.20
12.11.2017,5.02
05.11.2017,5.13
29.10.2017,5.22
22.10.2017,5.19
15.10.2017,5.25
08.10.2017,5.11
01.10.2017,5.07
24.09.2017,4.92
17.09.2017,4.85
10.09.2017,4.77
03.09.2017,4.82
27.08.2017,5.01
20.08.2017,5.03
13.08.2017,4.90
06.08.2017,4.83
30.07.2017,4.89
23.07.2017,4.84
16.07.2017,4.65
09.07.2017,4.68
02.07.2017,4.65
25.06.2017,4.63
18.06.2017,4.46
11.06.2017,4.36
04.06.2017,4.44
28.05.2017,4.30
21.05.2017,4.32
14.05.2017,4.38
07.05.2017,4.38
30.04.2017,4.39
23.04.2017,4.37
16.04.2017,4.25
09.04.2017,4.30
02.04.2017,4.52
26.03.2017,4.53
19.03.2017,4.49
12.03.2017,4.63
05.03.2017,4.58
26.02.2017,4.64
19.02.2017,4.53
12.02.2017,4.63
05.02.2017,4.73
29.01.2017,4.52
22.01.2017,4.72
15.01.2017,4.55
08.01.2017,4.68
01.01.2017,4.51
25.12.2016,4.50
18.12.2016,4.51
11.12.2016,4.64
04.12.2016,4.72
27.11.2016,4.65
20.11.2016,4.77
13.11.2016,4.32
06.11.2016,4.38
30.10.2016,3.72
23.10.2016,3.69
16.10.2016,3.56
09.10.2016,3.63
02.10.2016,3.73
25.09.2016,3.62
18.09.2016,3.55
11.09.2016,3.55
04.09.2016,3.38
28.08.2016,3.38
21.08.2016,3.39
14.08.2016,3.47
07.08.2016,3.43
31.07.2016,3.46
24.07.2016,3.53
17.07.2016,3.61
10.07.2016,3.61
03.07.2016,3.38
26.06.2016,3.57
19.06.2016,3.45
12.06.2016,3.44
05.06.2016,3.45
29.05.2016,3.67
22.05.2016,3.75
15.05.2016,3.54
08.05.2016,3.54
01.05.2016,3.60
24.04.2016,3.80
17.04.2016,3.96
10.04.2016,3.78
03.04.2016,3.65
27.03.2016,3.82
20.03.2016,3.90
13.03.2016,3.89
06.03.2016,3.79
28.02.2016,3.81
21.02.2016,3.76
14.02.2016,3.66
07.02.2016,3.55
31.01.2016,3.91
24.01.2016,3.98
17.01.2016,3.93
10.01.2016,3.86
03.01.2016,3.95
27.12.2015,4.27
20.12.2015,4.19
13.12.2015,4.22
06.12.2015,4.18
29.11.2015,4.09
22.11.2015,4.16
15.11.2015,4.08
08.11.2015,4.27
01.11.2015,4.39
25.10.2015,4.32
18.10.2015,4.28
11.10.2015,4.27
04.10.2015,4.38
27.09.2015,4.30
20.09.2015,4.18
13.09.2015,4.36
06.09.2015,4.59
30.08.2015,4.31
23.08.2015,4.30
16.08.2015,4.14
09.08.2015,4.37
02.08.2015,4.35
26.07.2015,4.39
19.07.2015,4.44
12.07.2015,4.48
05.07.2015,4.46
28.06.2015,4.60
21.06.2015,4.57
14.06.2015,4.39
07.06.2015,4.64
31.05.2015,4.73
24.05.2015,4.74
17.05.2015,4.80
10.05.2015,4.92
03.05.2015,5.03
26.04.2015,5.09
19.04.2015,4.80
12.04.2015,4.75
05.04.2015,4.68
29.03.2015,4.69
22.03.2015,4.73
15.03.2015,4.79
08.03.2015,4.72
01.03.2015,4.57
22.02.2015,4.56
15.02.2015,4.41
08.02.2015,4.34
01.02.2015,4.30
25.01.2015,4.02
18.01.2015,3.94
11.01.2015,4.16
04.01.2015,4.52
28.12.2014,4.67
21.12.2014,5.22
14.12.2014,5.35
07.12.2014,5.30
30.11.2014,5.41
23.11.2014,5.35
16.11.2014,5.58
09.11.2014,5.68
02.11.2014,5.74
26.10.2014,5.75
19.10.2014,5.45
12.10.2014,5.33
05.10.2014,5.46
28.09.2014,5.52
21.09.2014,5.49
14.09.2014,5.59
07.09.2014,5.55
31.08.2014,5.49
24.08.2014,5.36
17.08.2014,5.50
10.08.2014,5.22
03.08.2014,5.32
27.07.2014,5.45
20.07.2014,5.45
13.07.2014,5.33
06.07.2014,5.36
29.06.2014,5.44
22.06.2014,5.25
15.06.2014,5.21
08.06.2014,5.23
01.06.2014,5.36
25.05.2014,5.54
18.05.2014,5.42
11.05.2014,5.38
04.05.2014,5.30
27.04.2014,5.21
20.04.2014,5.29
13.04.2014,5.22
06.04.2014,5.12
30.03.2014,5.14
23.03.2014,5.20
16.03.2014,4.93
09.03.2014,4.81
02.03.2014,5.19
23.02.2014,5.39
16.02.2014,5.54
09.02.2014,5.54
02.02.2014,5.70
26.01.2014,5.71
19.01.2014,5.75
12.01.2014,5.94
05.01.2014,5.98
29.12.2013,6.05
22.12.2013,6.28
15.12.2013,6.11
08.12.2013,5.97
01.12.2013,5.85
24.11.2013,5.68
17.11.2013,5.71
10.11.2013,5.42
03.11.2013,5.57
27.10.2013,5.52
20.10.2013,5.31
13.10.2013,5.51
06.10.2013,5.66
29.09.2013,5.53
22.09.2013,5.47
15.09.2013,5.49
08.09.2013,5.39
01.09.2013,5.17
25.08.2013,5.08
18.08.2013,5.28
11.08.2013,5.40
04.08.2013,5.54
28.07.2013,5.32
21.07.2013,5.18
14.07.2013,5.36
07.07.2013,5.46
30.06.2013,5.59
23.06.2013,5.48
16.06.2013,5.27
09.06.2013,5.08
02.06.2013,5.20
26.05.2013,5.20
19.05.2013,5.22
12.05.2013,5.35
05.05.2013,5.14
28.04.2013,4.98
21.04.2013,4.82
14.04.2013,4.97
07.04.2013,4.91
31.03.2013,4.66
24.03.2013,4.68
17.03.2013,4.73
10.03.2013,4.85
03.03.2013,4.87
24.02.2013,4.87
17.02.2013,4.94
10.02.2013,5.10
03.02.2013,4.96
27.01.2013,4.98
20.01.2013,4.83
13.01.2013,4.78
06.01.2013,4.82
30.12.2012,4.91
23.12.2012,4.76
16.12.2012,4.71
09.12.2012,4.75
02.12.2012,4.71
25.11.2012,4.67
18.11.2012,4.43
11.11.2012,4.43
04.11.2012,4.39
28.10.2012,4.58
21.10.2012,4.58
14.10.2012,4.66
07.10.2012,4.65
30.09.2012,4.68
23.09.2012,4.69
16.09.2012,4.71
09.09.2012,4.79
02.09.2012,4.63
26.08.2012,4.51
19.08.2012,4.60
12.08.2012,4.66
05.08.2012,4.63
29.07.2012,4.62
22.07.2012,4.66
15.07.2012,4.79
08.07.2012,4.84
01.07.2012,4.75
24.06.2012,4.79
17.06.2012,4.64
10.06.2012,4.58
03.06.2012,4.54
27.05.2012,4.49
20.05.2012,4.84
13.05.2012,4.80
06.05.2012,5.07
29.04.2012,4.98
22.04.2012,5.05
15.04.2012,4.95
08.04.2012,4.80
01.04.2012,5.12
25.03.2012,5.04
18.03.2012,5.04
11.03.2012,5.15
04.03.2012,4.95
26.02.2012,5.02
19.02.2012,4.79
12.02.2012,4.73
05.02.2012,4.93
29.01.2012,4.93
22.01.2012,4.93
15.01.2012,4.95
08.01.2012,4.90
01.01.2012,4.67
25.12.2011,4.82
18.12.2011,4.75
11.12.2011,4.58
04.12.2011,4.56
27.11.2011,4.50
20.11.2011,4.27
13.11.2011,4.34
06.11.2011,4.26
30.10.2011,4.47
23.10.2011,4.66
16.10.2011,4.33
09.10.2011,4.45
02.10.2011,4.40
25.09.2011,4.27
18.09.2011,4.40
11.09.2011,4.76
04.09.2011,4.72
28.08.2011,4.82
21.08.2011,5.03
14.08.2011,4.74
07.08.2011,5.07
31.07.2011,5.49
24.07.2011,6.04
17.07.2011,6.05
10.07.2011,6.10
03.07.2011,6.28
26.06.2011,6.37
19.06.2011,6.01
12.06.2011,5.87
05.06.2011,5.83
29.05.2011,5.89
22.05.2011,5.98
15.05.2011,6.01
08.05.2011,5.86
01.05.2011,5.85
24.04.2011,5.89
17.04.2011,6.44
10.04.2011,6.30
03.04.2011,6.71
27.03.2011,6.55
20.03.2011,6.80
13.03.2011,6.73
06.03.2011,6.49
27.02.2011,6.89
20.02.2011,6.93
13.02.2011,7.10
06.02.2011,7.33
30.01.2011,7.46
23.01.2011,7.16
16.01.2011,7.05
09.01.2011,7.12
02.01.2011,6.87
26.12.2010,6.87
19.12.2010,6.78
12.12.2010,6.63
05.12.2010,6.52
28.11.2010,6.25
21.11.2010,6.06
14.11.2010,6.24
07.11.2010,6.27
31.10.2010,6.21
24.10.2010,6.05
17.10.2010,6.30
10.10.2010,6.15
03.10.2010,6.17
26.09.2010,6.16
19.09.2010,6.13
12.09.2010,6.06
05.09.2010,6.01
29.08.2010,6.15
22.08.2010,5.99
15.08.2010,5.90
08.08.2010,5.89
01.08.2010,6.11
25.07.2010,6.16
18.07.2010,5.90
11.07.2010,5.41
04.07.2010,5.54
27.06.2010,5.29
20.06.2010,5.42
13.06.2010,5.04
06.06.2010,5.19
30.05.2010,5.09
23.05.2010,5.62
16.05.2010,5.71
09.05.2010,5.60
02.05.2010,5.69
25.04.2010,6.22
18.04.2010,6.70
11.04.2010,6.80
04.04.2010,6.79
28.03.2010,6.99
21.03.2010,6.76
14.03.2010,6.69
07.03.2010,6.73
28.02.2010,6.60
21.02.2010,6.43
14.02.2010,6.59
07.02.2010,6.22
31.01.2010,5.97
24.01.2010,6.19
17.01.2010,6.74
10.01.2010,6.53
03.01.2010,6.55
27.12.2009,6.69
20.12.2009,6.52
13.12.2009,6.18
06.12.2009,6.11
29.11.2009,6.05
22.11.2009,5.80
15.11.2009,5.96
08.11.2009,5.85
01.11.2009,5.92
25.10.2009,6.24
18.10.2009,6.30
11.10.2009,5.94
04.10.2009,5.94
27.09.2009,5.86
20.09.2009,6.07
13.09.2009,6.04
06.09.2009,6.19
30.08.2009,6.29
23.08.2009,6.72
16.08.2009,6.64
09.08.2009,6.58
02.08.2009,6.39
26.07.2009,6.03
19.07.2009,5.81
12.07.2009,5.67
05.07.2009,5.31
28.06.2009,5.41
21.06.2009,5.36
14.06.2009,5.28
07.06.2009,5.54
31.05.2009,5.22
24.05.2009,4.94
17.05.2009,4.83
10.05.2009,4.79
03.05.2009,5.17
26.04.2009,5.21
19.04.2009,4.99
12.04.2009,5.61
05.04.2009,5.16
29.03.2009,4.91
22.03.2009,4.37
15.03.2009,4.12
08.03.2009,3.93
01.03.2009,3.93
22.02.2009,3.57
15.02.2009,3.11
08.02.2009,3.59
01.02.2009,3.91
25.01.2009,3.47
18.01.2009,3.58
11.01.2009,3.97
04.01.2009,3.98
28.12.2008,3.61
21.12.2008,3.22
14.12.2008,3.43
07.12.2008,3.78
30.11.2008,3.97
23.11.2008,4.37
16.11.2008,4.37
09.11.2008,5.04
02.11.2008,5.08
26.10.2008,5.66
19.10.2008,5.05
12.10.2008,6.11
05.10.2008,5.55
28.09.2008,7.18
21.09.2008,7.67
14.09.2008,8.14
07.09.2008,9.29
31.08.2008,8.61
24.08.2008,9.10
17.08.2008,9.33
10.08.2008,9.35
03.08.2008,8.72
27.07.2008,8.78
20.07.2008,8.79
13.07.2008,8.47
06.07.2008,8.61
29.06.2008,9.36
22.06.2008,9.19
15.06.2008,9.35
08.06.2008,9.09
01.06.2008,8.90
25.05.2008,9.00
18.05.2008,8.93
11.05.2008,9.41
04.05.2008,9.33
27.04.2008,9.91
20.04.2008,9.82
13.04.2008,9.45
06.04.2008,9.47
30.03.2008,9.63
23.03.2008,9.12
16.03.2008,8.64
09.03.2008,8.48
02.03.2008,8.90
24.02.2008,8.72
17.02.2008,8.82
10.02.2008,8.58
03.02.2008,8.47
27.01.2008,7.89
20.01.2008,7.67
13.01.2008,8.05
06.01.2008,8.06
30.12.2007,8.01
23.12.2007,8.01
16.12.2007,8.39
09.12.2007,8.14
02.12.2007,8.57
25.11.2007,8.88
18.11.2007,7.97
11.11.2007,8.84
04.11.2007,8.31
28.10.2007,9.06
21.10.2007,9.91
14.10.2007,10.2
07.10.2007,10.7
30.09.2007,11.0
23.09.2007,10.8
16.09.2007,10.7
09.09.2007,10.5
02.09.2007,10.2
26.08.2007,11.2
19.08.2007,11.1
12.08.2007,10.6
05.08.2007,11.1
29.07.2007,11.4
22.07.2007,11.8
15.07.2007,12.1
08.07.2007,11.9
01.07.2007,12.2
24.06.2007,11.7
17.06.2007,11.4
10.06.2007,11.5
03.06.2007,11.1
27.05.2007,11.2
20.05.2007,11.2
13.05.2007,11.1
06.05.2007,11.8
29.04.2007,12.0
22.04.2007,11.4
15.04.2007,11.5
08.04.2007,11.3
01.04.2007,11.0
25.03.2007,10.4
18.03.2007,10.3
11.03.2007,10.1
04.03.2007,9.40
25.02.2007,9.24
18.02.2007,9.14
11.02.2007,8.68
04.02.2007,8.26
28.01.2007,8.20
21.01.2007,8.95
14.01.2007,8.66
07.01.2007,9.12
31.12.2006,9.17
24.12.2006,9.88
17.12.2006,10.1
10.12.2006,10.7
03.12.2006,10.9
26.11.2006,10.7
19.11.2006,10.9
12.11.2006,10.8
05.11.2006,10.8
29.10.2006,11.6
22.10.2006,12.5
15.10.2006,12.8
08.10.2006,12.7
01.10.2006,13.0
24.09.2006,12.7
17.09.2006,12.8
10.09.2006,12.7
03.09.2006,12.9
27.08.2006,12.2
20.08.2006,12.2
13.08.2006,12.4
06.08.2006,12.2
30.07.2006,12.5
23.07.2006,12.4
16.07.2006,12.1
09.07.2006,12.6
02.07.2006,12.7
25.06.2006,12.4
18.06.2006,12.6
11.06.2006,12.9
04.06.2006,12.2
28.05.2006,12.7
21.05.2006,13.6
14.05.2006,12.2
07.05.2006,12.3
30.04.2006,11.6
23.04.2006,11.3
16.04.2006,11.3
09.04.2006,10.6
02.04.2006,9.99
26.03.2006,9.41
19.03.2006,9.48
12.03.2006,9.41
05.03.2006,9.03
26.02.2006,8.82
19.02.2006,8.68
12.02.2006,8.81
05.02.2006,8.90
29.01.2006,8.99
22.01.2006,9.04
15.01.2006,8.47
08.01.2006,8.58
01.01.2006,8.78
25.12.2005,9.20
18.12.2005,9.76
11.12.2005,9.48
04.12.2005,9.10
27.11.2005,9.41
20.11.2005,9.57
13.11.2005,9.51
06.11.2005,9.39
30.10.2005,9.32
23.10.2005,8.82
16.10.2005,9.08
09.10.2005,8.70
02.10.2005,8.81
25.09.2005,8.45
18.09.2005,8.53
11.09.2005,8.01
04.09.2005,8.25
28.08.2005,8.65
21.08.2005,8.90
14.08.2005,8.65
07.08.2005,8.58
31.07.2005,8.50
24.07.2005,8.64
17.07.2005,8.57
10.07.2005,8.52
03.07.2005,8.45
26.06.2005,7.90
19.06.2005,8.37
12.06.2005,8.48
05.06.2005,8.40
29.05.2005,8.28
22.05.2005,7.79
15.05.2005,7.77
08.05.2005,7.46
01.05.2005,7.60
24.04.2005,7.55
17.04.2005,7.61
10.04.2005,7.57
03.04.2005,7.85
27.03.2005,7.71
20.03.2005,7.56
13.03.2005,7.55
06.03.2005,7.30
27.02.2005,7.56
20.02.2005,7.53
13.02.2005,7.70
06.02.2005,7.68
30.01.2005,7.54
23.01.2005,7.55
16.01.2005,7.61
09.01.2005,7.46
02.01.2005,7.43
26.12.2004,7.48
19.12.2004,7.38
12.12.2004,7.33
05.12.2004,7.10
28.11.2004,6.92
21.11.2004,7.29
14.11.2004,7.30
07.11.2004,7.17
31.10.2004,7.00
24.10.2004,6.92
17.10.2004,6.79
10.10.2004,6.91
03.10.2004,7.66
26.09.2004,7.38
19.09.2004,7.34
12.09.2004,7.06
05.09.2004,7.01
29.08.2004,6.81
22.08.2004,6.88
15.08.2004,6.77
08.08.2004,7.29
01.08.2004,7.05
25.07.2004,7.36
18.07.2004,7.03
11.07.2004,7.10
04.07.2004,6.92
27.06.2004,6.74
20.06.2004,6.61
13.06.2004,6.65
06.06.2004,6.70
30.05.2004,6.94
23.05.2004,7.14
16.05.2004,6.98
09.05.2004,6.86
02.05.2004,6.92
25.04.2004,6.88
18.04.2004,6.92
11.04.2004,7.41
04.04.2004,6.87
28.03.2004,7.06
21.03.2004,7.05
14.03.2004,7.35
07.03.2004,7.29
29.02.2004,7.34
22.02.2004,7.45
15.02.2004,7.24
08.02.2004,6.67
01.02.2004,6.43
25.01.2004,6.25
18.01.2004,6.05
11.01.2004,5.90
04.01.2004,5.67
28.12.2003,5.52
21.12.2003,5.47
14.12.2003,5.52
07.12.2003,5.30
30.11.2003,5.25
23.11.2003,5.03
16.11.2003,4.96
09.11.2003,5.26
02.11.2003,5.41
26.10.2003,5.36
19.10.2003,5.03
12.10.2003,5.28
05.10.2003,5.07
28.09.2003,4.97
21.09.2003,4.72
14.09.2003,4.75
07.09.2003,4.74
31.08.2003,4.82
24.08.2003,4.70
17.08.2003,4.86
10.08.2003,4.79
03.08.2003,4.93
27.07.2003,5.19
20.07.2003,4.82
13.07.2003,4.96
06.07.2003,4.95
29.06.2003,4.68
22.06.2003,4.82
15.06.2003,4.77
08.06.2003,4.69
01.06.2003,4.72
25.05.2003,4.71
18.05.2003,4.56
11.05.2003,4.70
04.05.2003,4.63
27.04.2003,4.61
20.04.2003,4.72
13.04.2003,4.95
06.04.2003,4.86
30.03.2003,4.84
23.03.2003,4.82
16.03.2003,5.23
09.03.2003,4.90
02.03.2003,4.80
23.02.2003,4.87
16.02.2003,4.85
09.02.2003,4.72
02.02.2003,4.53
26.01.2003,4.72
19.01.2003,4.57
12.01.2003,4.65
05.01.2003,4.59
29.12.2002,4.55
22.12.2002,4.41
15.12.2002,4.59
08.12.2002,4.78
01.12.2002,5.00
24.11.2002,5.11
17.11.2002,5.05
10.11.2002,4.92
03.11.2002,4.89
27.10.2002,5.00
20.10.2002,4.99
13.10.2002,4.84
06.10.2002,4.72
29.09.2002,4.48
22.09.2002,4.54
15.09.2002,4.61
08.09.2002,4.81
01.09.2002,4.64
25.08.2002,4.84
18.08.2002,4.91
11.08.2002,4.73
04.08.2002,4.73
28.07.2002,4.87
21.07.2002,4.98
14.07.2002,4.86
07.07.2002,5.16
30.06.2002,5.30
23.06.2002,5.38
16.06.2002,5.03
09.06.2002,5.26
02.06.2002,5.27
26.05.2002,5.13
19.05.2002,5.05
12.05.2002,5.13
05.05.2002,5.19
28.04.2002,5.07
21.04.2002,5.19
14.04.2002,5.33
07.04.2002,5.21
31.03.2002,5.29
24.03.2002,5.53
17.03.2002,5.51
10.03.2002,5.66
03.03.2002,5.66
24.02.2002,5.37
17.02.2002,5.24
10.02.2002,5.40
03.02.2002,5.31
27.01.2002,5.65
20.01.2002,5.59
13.01.2002,5.40
06.01.2002,5.39
30.12.2001,5.29
23.12.2001,5.34
16.12.2001,5.35
09.12.2001,5.31
02.12.2001,5.43
25.11.2001,5.80
18.11.2001,5.44
11.11.2001,5.45
04.11.2001,5.06
28.10.2001,4.81
21.10.2001,4.99
14.10.2001,4.88
07.10.2001,4.90
30.09.2001,4.79
23.09.2001,4.86
16.09.2001,4.95
09.09.2001,4.98
02.09.2001,5.25
26.08.2001,5.44
19.08.2001,5.51
12.08.2001,5.39
05.08.2001,5.29
29.07.2001,5.53
22.07.2001,5.55
15.07.2001,5.66
08.07.2001,5.77
01.07.2001,5.82
24.06.2001,5.73
17.06.2001,5.76
10.06.2001,5.82
03.06.2001,5.86
27.05.2001,6.18
20.05.2001,6.22
13.05.2001,5.97
06.05.2001,6.20
29.04.2001,6.41
22.04.2001,6.33
15.04.2001,6.42
08.04.2001,6.46
01.04.2001,6.31
25.03.2001,6.47
18.03.2001,6.56
11.03.2001,6.67
04.03.2001,6.71
25.02.2001,6.92
18.02.2001,6.70
11.02.2001,7.03
04.02.2001,6.94
28.01.2001,6.95
21.01.2001,7.02
14.01.2001,7.10
07.01.2001,7.04
31.12.2000,6.83
24.12.2000,6.85
17.12.2000,6.91
10.12.2000,7.10
03.12.2000,7.17
26.11.2000,7.04
19.11.2000,6.77
12.11.2000,6.81
05.11.2000,6.96
29.10.2000,6.95
22.10.2000,7.01
15.10.2000,6.98
08.10.2000,7.18
01.10.2000,7.39
24.09.2000,7.36
17.09.2000,7.44
10.09.2000,7.43
03.09.2000,7.34
27.08.2000,7.06
20.08.2000,6.93
13.08.2000,6.87
06.08.2000,6.86
30.07.2000,7.03
23.07.2000,6.86
16.07.2000,6.78
09.07.2000,6.44
02.07.2000,6.26
25.06.2000,6.19
18.06.2000,6.30
11.06.2000,6.26
04.06.2000,6.17
28.05.2000,6.16
21.05.2000,6.72
14.05.2000,6.74
07.05.2000,6.70
30.04.2000,6.62
23.04.2000,6.36
16.04.2000,6.03
09.04.2000,5.85
02.04.2000,6.02
26.03.2000,6.32
19.03.2000,6.21
12.03.2000,6.23
05.03.2000,5.95
27.02.2000,6.03
20.02.2000,6.11
13.02.2000,5.98
06.02.2000,5.96
30.01.2000,5.84
23.01.2000,6.45
16.01.2000,6.59
09.01.2000,6.63
02.01.2000,6.60
26.12.1999,6.50
19.12.1999,6.42
12.12.1999,6.45
05.12.1999,6.18
28.11.1999,6.27
21.11.1999,5.79
14.11.1999,5.84
07.11.1999,5.81
31.10.1999,6.05
24.10.1999,5.90
17.10.1999,5.92
10.10.1999,5.47
03.10.1999,5.22
26.09.1999,5.85
19.09.1999,6.51
12.09.1999,7.20
05.09.1999,7.02
29.08.1999,6.88
22.08.1999,6.52
15.08.1999,6.30
08.08.1999,6.50
01.08.1999,6.61
25.07.1999,6.49
18.07.1999,6.41
11.07.1999,6.73
04.07.1999,6.60
27.06.1999,6.31
20.06.1999,5.83
13.06.1999,5.51
06.06.1999,5.41
30.05.1999,5.11
23.05.1999,5.08
16.05.1999,5.36
09.05.1999,5.69
02.05.1999,5.56
25.04.1999,5.50
18.04.1999,5.40
11.04.1999,5.31
04.04.1999,5.02
28.03.1999,4.90
21.03.1999,5.07
14.03.1999,4.75
07.03.1999,4.65
28.02.1999,4.78
21.02.1999,4.77
14.02.1999,4.69
07.02.1999,4.95
31.01.1999,5.04
24.01.1999,4.93
17.01.1999,5.01
10.01.1999,5.04
03.01.1999,4.93
27.12.1998,5.06
20.12.1998,4.96
13.12.1998,4.95
06.12.1998,4.94
29.11.1998,5.06
22.11.1998,5.22
15.11.1998,5.36
08.11.1998,5.26
01.11.1998,5.46
25.10.1998,5.43
18.10.1998,5.44
11.10.1998,5.46
04.10.1998,5.36
27.09.1998,5.28
20.09.1998,5.68
13.09.1998,5.64
06.09.1998,5.75
30.08.1998,5.77
23.08.1998,5.80
16.08.1998,5.65
09.08.1998,5.63
02.08.1998,5.69
26.07.1998,5.88
19.07.1998,6.06
12.07.1998,5.71
05.07.1998,5.44
28.06.1998,5.42
21.06.1998,5.52
14.06.1998,5.55
07.06.1998,5.79
31.05.1998,5.70
24.05.1998,5.80
17.05.1998,5.56
10.05.1998,5.68
03.05.1998,5.78
26.04.1998,6.15
19.04.1998,5.88
12.04.1998,5.99
05.04.1998,5.77
29.03.1998,5.41
22.03.1998,5.72
15.03.1998,5.97
08.03.1998,6.12
01.03.1998,5.92
22.02.1998,5.58
15.02.1998,5.46
08.02.1998,5.54
01.02.1998,5.60
25.01.1998,5.72
18.01.1998,5.75
11.01.1998,5.78
04.01.1998,5.86
28.12.1997,5.81
21.12.1997,5.76
14.12.1997,6.04
07.12.1997,6.25
30.11.1997,6.07
23.11.1997,6.23
16.11.1997,6.03
09.11.1997,6.44
02.11.1997,6.29
26.10.1997,6.41
19.10.1997,6.47
12.10.1997,6.42
05.10.1997,6.23
28.09.1997,6.10
21.09.1997,6.31
14.09.1997,6.50
07.09.1997,6.38
31.08.1997,6.66
24.08.1997,6.72
17.08.1997,6.74
10.08.1997,6.71
03.08.1997,7.14
27.07.1997,7.24
20.07.1997,7.69
13.07.1997,7.34
06.07.1997,7.39
29.06.1997,7.70
22.06.1997,7.43
15.06.1997,7.72
08.06.1997,7.76
01.06.1997,7.50
25.05.1997,7.57
18.05.1997,7.61
11.05.1997,7.48
04.05.1997,7.09
27.04.1997,7.22
20.04.1997,7.37
13.04.1997,6.91
06.04.1997,6.84
30.03.1997,6.93
23.03.1997,7.08
16.03.1997,7.37
09.03.1997,7.09
02.03.1997,7.26
23.02.1997,6.86
16.02.1997,7.08
09.02.1997,6.88
02.02.1997,6.97
26.01.1997,6.76
19.01.1997,6.92
12.01.1997,6.70
05.01.1997,6.65
29.12.1996,6.38
22.12.1996,6.07
15.12.1996,6.11
08.12.1996,6.12
01.12.1996,6.25
24.11.1996,6.51
17.11.1996,6.12
10.11.1996,5.85
03.11.1996,5.55
27.10.1996,5.44
20.10.1996,5.81
13.10.1996,5.45
06.10.1996,5.37
29.09.1996,5.24
22.09.1996,5.33
15.09.1996,5.14
08.09.1996,5.06
01.09.1996,5.17
25.08.1996,5.49
18.08.1996,5.22
11.08.1996,5.16
04.08.1996,5.23
28.07.1996,5.21
21.07.1996,5.40
14.07.1996,5.03
07.07.1996,5.10
30.06.1996,5.14
23.06.1996,5.31
16.06.1996,6.04
09.06.1996,5.72
02.06.1996,6.59
26.05.1996,6.66
19.05.1996,6.71
12.05.1996,6.76
05.05.1996,7.26
28.04.1996,7.01
21.04.1996,7.16
14.04.1996,6.98
07.04.1996,6.65
31.03.1996,6.31
24.03.1996,6.49
17.03.1996,6.42
10.03.1996,6.58
03.03.1996,6.70
25.02.1996,6.51
18.02.1996,6.56
11.02.1996,6.16
04.02.1996,6.40
28.01.1996,6.25
21.01.1996,6.35
14.01.1996,6.36
07.01.1996,6.38
31.12.1995,6.92
24.12.1995,7.16
17.12.1995,7.37
10.12.1995,7.58
03.12.1995,7.54
26.11.1995,7.53
19.11.1995,7.97
12.11.1995,7.86
05.11.1995,7.87
29.10.1995,7.82
22.10.1995,7.31
15.10.1995,7.33
08.10.1995,7.36
01.10.1995,7.40
24.09.1995,7.62
17.09.1995,7.69
10.09.1995,7.38
03.09.1995,7.60
27.08.1995,7.70
20.08.1995,7.90
13.08.1995,8.12
06.08.1995,7.84
30.07.1995,8.00
23.07.1995,7.77
16.07.1995,7.65
09.07.1995,8.16
02.07.1995,7.90
25.06.1995,7.93
18.06.1995,8.05
11.06.1995,7.95
04.06.1995,7.65
28.05.1995,7.72
21.05.1995,7.61
14.05.1995,7.35
07.05.1995,7.25
30.04.1995,6.98
23.04.1995,7.34
16.04.1995,7.49
09.04.1995,7.72
02.04.1995,7.76
26.03.1995,7.83
19.03.1995,8.22
12.03.1995,8.00
05.03.1995,7.96
26.02.1995,7.99
19.02.1995,7.81
12.02.1995,7.85
05.02.1995,8.03
29.01.1995,7.72
22.01.1995,8.19
15.01.1995,8.21
08.01.1995,8.12
01.01.1995,8.14
25.12.1994,8.06
18.12.1994,7.87
11.12.1994,8.07
04.12.1994,7.88
27.11.1994,8.13
20.11.1994,7.42
13.11.1994,7.75
06.11.1994,7.16
30.10.1994,7.35
23.10.1994,7.05
16.10.1994,6.67
09.10.1994,6.66
02.10.1994,6.57
25.09.1994,6.33
18.09.1994,7.10
11.09.1994,6.90
04.09.1994,6.67
28.08.1994,6.60
21.08.1994,6.42
14.08.1994,6.26
07.08.1994,6.35
31.07.1994,6.22
24.07.1994,6.39
17.07.1994,6.51
10.07.1994,6.39
03.07.1994,6.25
26.06.1994,6.28
19.06.1994,6.29
12.06.1994,6.38
05.06.1994,6.27
29.05.1994,5.96
22.05.1994,5.85
15.05.1994,5.87
08.05.1994,5.94
01.05.1994,5.49
24.04.1994,5.33
17.04.1994,5.31
10.04.1994,5.08
03.04.1994,4.95
27.03.1994,4.86
20.03.1994,5.14
13.03.1994,5.26
06.03.1994,5.19
27.02.1994,5.21
20.02.1994,4.97
13.02.1994,4.99
06.02.1994,4.89
30.01.1994,5.07
23.01.1994,5.00
16.01.1994,4.93
09.01.1994,4.78
02.01.1994,4.45
26.12.1993,4.67
19.12.1993,4.61
12.12.1993,4.54
05.12.1993,4.57
28.11.1993,4.43
21.11.1993,4.33
14.11.1993,4.32
07.11.1993,4.39
31.10.1993,4.38
24.10.1993,4.36
17.10.1993,4.31
10.10.1993,4.51
03.10.1993,4.57
26.09.1993,4.64
19.09.1993,4.81
12.09.1993,4.90
05.09.1993,5.20
29.08.1993,5.22
22.08.1993,5.11
15.08.1993,5.04
08.08.1993,5.01
01.08.1993,4.99
25.07.1993,4.75
18.07.1993,4.80
11.07.1993,4.76
04.07.1993,4.90
27.06.1993,4.97
20.06.1993,4.88
13.06.1993,4.97
06.06.1993,4.96
30.05.1993,4.74
23.05.1993,4.62
16.05.1993,4.77
09.05.1993,4.74
02.05.1993,4.74
25.04.1993,5.17
18.04.1993,5.40
11.04.1993,5.43
04.04.1993,5.79
28.03.1993,6.12
21.03.1993,6.32
14.03.1993,6.44
07.03.1993,6.57
28.02.1993,6.32
21.02.1993,6.37
14.02.1993,6.57
07.02.1993,6.56
31.01.1993,6.66
24.01.1993,6.56
17.01.1993,6.62
10.01.1993,6.61
03.01.1993,7.14
27.12.1992,6.80
20.12.1992,6.61
13.12.1992,6.49
06.12.1992,6.41
29.11.1992,6.35
22.11.1992,6.31
15.11.1992,6.25
08.11.1992,6.19
01.11.1992,6.28
25.10.1992,6.54
18.10.1992,6.30
11.10.1992,6.38
04.10.1992,6.33
27.09.1992,6.35
20.09.1992,6.67
13.09.1992,6.76
06.09.1992,6.84
30.08.1992,7.17
23.08.1992,7.11
16.08.1992,7.36
09.08.1992,7.29
02.08.1992,7.12
26.07.1992,6.91
19.07.1992,7.05
12.07.1992,7.09
05.07.1992,7.16
28.06.1992,7.08
21.06.1992,6.89
14.06.1992,6.76
07.06.1992,6.65
31.05.1992,6.78
24.05.1992,6.61
17.05.1992,6.60
10.05.1992,6.52
03.05.1992,6.60
26.04.1992,6.44
19.04.1992,6.54
12.04.1992,6.46
05.04.1992,6.44
29.03.1992,6.63
22.03.1992,6.50
15.03.1992,6.57
08.03.1992,6.42
01.03.1992,6.37
23.02.1992,6.42
16.02.1992,6.33
09.02.1992,6.37
02.02.1992,6.11
26.01.1992,6.05
19.01.1992,6.11
12.01.1992,6.01
05.01.1992,5.82
29.12.1991,5.99
22.12.1991,6.11
15.12.1991,5.94
08.12.1991,5.99
01.12.1991,5.89
24.11.1991,6.14
17.11.1991,6.16
10.11.1991,6.54
03.11.1991,6.57
27.10.1991,6.59
20.10.1991,6.46
13.10.1991,6.46
06.10.1991,6.55
29.09.1991,6.59
22.09.1991,6.89
15.09.1991,6.95
08.09.1991,6.81
01.09.1991,6.72
25.08.1991,6.59
18.08.1991,6.31
11.08.1991,6.13
04.08.1991,6.31
28.07.1991,6.20
21.07.1991,6.04
14.07.1991,5.91
07.07.1991,5.89
30.06.1991,6.04
23.06.1991,6.04
16.06.1991,6.06
09.06.1991,5.92
02.06.1991,5.98
26.05.1991,5.89
19.05.1991,6.22
12.05.1991,6.16
05.05.1991,6.38
28.04.1991,6.42
21.04.1991,6.65
14.04.1991,6.82
07.04.1991,6.59
31.03.1991,6.60
24.03.1991,6.56
17.03.1991,6.54
10.03.1991,6.51
03.03.1991,6.65
24.02.1991,6.82
17.02.1991,6.91
10.02.1991,6.74
03.02.1991,6.56
27.01.1991,6.45
20.01.1991,6.10
13.01.1991,6.43
06.01.1991,6.42
30.12.1990,6.67
23.12.1990,6.47
16.12.1990,6.48
09.12.1990,6.49
02.12.1990,6.54
25.11.1990,6.38
18.11.1990,6.77
11.11.1990,6.93
04.11.1990,6.63
28.10.1990,6.80
21.10.1990,7.54
14.10.1990,7.48
07.10.1990,7.09
30.09.1990,7.33
23.09.1990,6.92
16.09.1990,7.28
09.09.1990,7.62
02.09.1990,7.65
26.08.1990,7.48
19.08.1990,6.85
12.08.1990,7.19
05.08.1990,7.34
29.07.1990,7.35
22.07.1990,7.58
15.07.1990,7.38
08.07.1990,7.64
01.07.1990,7.29
24.06.1990,7.10
17.06.1990,7.05
10.06.1990,7.12
03.06.1990,7.01
27.05.1990,6.98
20.05.1990,7.17
13.05.1990,7.14
06.05.1990,7.46
29.04.1990,7.05
22.04.1990,7.09
15.04.1990,6.92
08.04.1990,6.98
01.04.1990,7.19
25.03.1990,7.54
18.03.1990,7.31
11.03.1990,7.15
04.03.1990,6.69
25.02.1990,6.54
18.02.1990,6.13
11.02.1990,5.95
04.02.1990,5.41
28.01.1990,5.31
21.01.1990,5.26
14.01.1990,5.42
07.01.1990,5.68
31.12.1989,5.96
24.12.1989,5.84
17.12.1989,5.85
10.12.1989,5.61
03.12.1989,5.66
26.11.1989,5.81
19.11.1989,5.77
12.11.1989,6.23
05.11.1989,6.67
29.10.1989,6.72
22.10.1989,6.86
15.10.1989,7.52
08.10.1989,8.12
01.10.1989,8.26
24.09.1989,7.74
17.09.1989,8.27
10.09.1989,8.48
03.09.1989,8.00
27.08.1989,8.16
20.08.1989,8.55
13.08.1989,7.61
06.08.1989,7.23
30.07.1989,6.92
23.07.1989,6.77
16.07.1989,6.55
09.07.1989,6.35
02.07.1989,6.06
25.06.1989,6.38
18.06.1989,6.49
11.06.1989,7.03
04.06.1989,6.96
28.05.1989,6.78
21.05.1989,6.84
14.05.1989,7.22
07.05.1989,7.38
30.04.1989,7.74
23.04.1989,8.25
16.04.1989,8.05
09.04.1989,8.48
02.04.1989,7.81
26.03.1989,7.70
19.03.1989,7.90
12.03.1989,8.00
05.03.1989,8.32
26.02.1989,8.81
19.02.1989,7.92
12.02.1989,7.55
05.02.1989,7.71
29.01.1989,7.64
22.01.1989,8.65
15.01.1989,8.41
08.01.1989,8.55
01.01.1989,8.19
25.12.1988,8.34
18.12.1988,8.24
11.12.1988,7.77
04.12.1988,8.14
27.11.1988,7.40
20.11.1988,7.52
13.11.1988,6.94
06.11.1988,6.80
30.10.1988,7.08
23.10.1988,7.20
16.10.1988,7.14
09.10.1988,6.63
02.10.1988,6.20
25.09.1988,6.07
18.09.1988,5.92
11.09.1988,5.54
04.09.1988,5.29
28.08.1988,5.05
21.08.1988,5.13
14.08.1988,4.90
07.08.1988,4.68
